{
  "name": "arus-digital-portfolio",
  "private": true,
  "version": "2.0.0",
  "type": "module",
  "scripts": {
    "dev": "vite",
    "build": "vite build",
    "preview": "vite preview",
    "lint": "eslint . --ext js,jsx --report-unused-disable-directives --max-warnings 0"
  },
  "dependencies": {
    "react": "^18.2.0",
    "react-dom": "^18.2.0",
    "firebase": "^10.7.1",
    "lucide-react": "^0.292.0",
    "react-hot-toast": "^2.4.1",
    "framer-motion": "^10.16.16",
    "react-lazy-load-image-component": "^1.6.0"
  },
  "devDependencies": {
    "@types/react": "^18.2.43",
    "@types/react-dom": "^18.2.17",
    "@vitejs/plugin-react": "^4.2.1",
    "vite": "^5.0.8",
    "eslint": "^8.55.0",
    "eslint-plugin-react": "^7.33.2",
    "eslint-plugin-react-hooks": "^4.6.0",
    "eslint-plugin-react-refresh": "^0.4.5",
    "autoprefixer": "^10.4.16",
    "postcss": "^8.4.32",
    "tailwindcss": "^3.4.0"
  }
}
